insert into department (dept_name, building, budget) values
('Computer Science', 'Mathematical Sciences Building', 99000000),
('Architecture', 'Center for Architecture and Environmental Design', 750000),
('Biology', 'Cunningham Hall', 800000),
('Chemistry', 'Integrated Sciences Building', 950000),
('Business', 'Business Administration Building', 700000),
('Sociology', 'Merrill Hall', 650000),
('Nursing', 'Henderson Hall', 980000);

insert into student (student_id, first_name, last_name, dept_name, tot_credits) values
('10001', 'Danielle', 'Clason', 'Computer Science', 94),
('10002', 'Tessa', 'Wood', 'Computer Science', 103),
('10003', 'Ashlee', 'Cunningham', 'Computer Science', 99),
('10004', 'Leah', 'Brechtelsbauer', 'Architecture', 45),
('10005', 'Mikayla', 'Zagar', 'Architecture', 60),
('10006', 'Anthony', 'Maricocchi', 'Architecture', 65),
('10007', 'Madelyn', 'Lawrence', 'Biology', 94),
('10008', 'Sarah', 'Becker', 'Biology', 87),
('10009', 'Marley', 'Nash', 'Biology', 93),
('10010', 'Sofia', 'DeCola', 'Chemistry', 105),
('10011', 'Riley', 'Kuwatch', 'Chemistry', 104),
('10012', 'Giana', 'Nakoul', 'Chemistry', 95),
('10013', 'Payton', 'Factor', 'Business', 107),
('10014', 'Dakota', 'Whitacre', 'Business', 101),
('10015', 'Anthony', 'Mast', 'Business', 98),
('10016', 'Samuel', 'Garcia', 'Sociology', 85),
('10017', 'Charleigh', 'Riffle', 'Sociology', 110),
('10018', 'Jenna', 'Hall', 'Sociology', 47),
('10019', 'Sadie', 'Ahbel', 'Nursing', 80),
('10020', 'Abigal', 'Coblentz', 'Nursing', 53),
('10021', 'Vivian', 'Coblentz', 'Nursing', 40);

insert into course (course_id, title, dept_name, credits) values
('CS-101', 'Computer Science I', 'Computer Science', 4),
('CS-102', 'Computer Science II', 'Computer Science', 4),
('ARCH-101', 'Design Studio I', 'Architecture', 4),
('ARCH-102', 'Design Studio II', 'Architecture', 4),
('BIO-101', 'Biological Diversity', 'Biology', 4),
('BIO-102', 'Biological Foundations', 'Biology', 4),
('CHEM-101', 'General Chemistry I', 'Chemistry', 3),
('CHEM-102', 'General Chemistry II', 'Chemistry', 3),
('BUS-101', 'Introduction to Business', 'Business', 3),
('BUS-102', 'Introduction to Marketing', 'Business', 3),
('SOC-101', 'Introduction to Sociology', 'Sociology', 3),
('SOC-102', 'Social Problems', 'Sociology', 3),
('NURS-101', 'Introduction to Professional Nursing Practice', 'Nursing', 3),
('NURS-201', 'Clinical Calculations in Nursing I', 'Nursing', 3);

insert into instructor (instructor_id, first_name, last_name, dept_name, salary) values
('90001', 'Alan', 'Turing', 'Computer Science', 99000),
('90002', 'Ada', 'Lovelace', 'Computer Science', 95000),
('90003', 'Frank', 'Wright', 'Architecture', 75000),
('90004', 'Zaha', 'Hadid', 'Architecture', 70000),
('90005', 'Charles', 'Darwin', 'Biology', 80000),
('90006', 'Rachel', 'Carson', 'Biology', 75000),
('90007', 'Marie', 'Curie', 'Chemistry', 95000),
('90008', 'Dmitri', 'Mendeleev', 'Chemistry', 90000),
('90009', 'Warren', 'Buffet', 'Business', 70000),
('90010', 'Bill', 'Gates', 'Business', 65000),
('90011', 'Auguste', 'Comte', 'Sociology', 65000),
('90012', 'Emile', 'Durkheim', 'Sociology', 60000),
('90013', 'Florence', 'Nightingale', 'Nursing', 98000),
('90014', 'Clara', 'Barton', 'Nursing', 93000);

insert into advisor(student_id, instructor_id) values
('10001', '90001'),
('10002', '90001'),
('10003', '90001'),
('10004', '90003'),
('10005', '90003'),
('10006', '90003'),
('10007', '90006'),
('10008', '90005'),
('10009', '90005'),
('10010', '90007'),
('10011', '90007'),
('10012', '90007'),
('10013', '90009'),
('10014', '90009'),
('10015', '90010'),
('10016', '90012'),
('10017', '90011'),
('10018', '90011'),
('10019', '90013'),
('10020', '90014'),
('10021', '90013');

insert into classroom (building, room_number, capacity) values
('Mathematical Sciences Building', 210, 150),
('Center for Architecture and Environmental Design', 305, 150),
('Cunningham Hall', 110, 150),
('Integrated Sciences Building', 108, 150),
('Business Administration Building', 103, 150),
('Business Administration Building', 207, 150),
('Merrill Hall', 112, 30),
('Merrill Hall', 125, 30),
('Henderson Hall', 105, 30),
('Henderson Hall', 213, 30);

insert into time_slot (time_slot_id, days, start_hr, start_min, end_hr, end_min) values
('A', 'M,W,F', 09, 00, 09, 50),
('B', 'M,W,F', 11, 00, 11, 50),
('C', 'M,W,F', 12, 15, 13, 10),
('D', 'M,W,F', 14, 00, 14, 50),
('E', 'T,R', 09, 15, 10, 30),
('F', 'T,R', 11, 00, 12, 15),
('G', 'T,R', 13, 00, 14, 15),
('H', 'T,R', 15, 15, 16, 30);

insert into prereq (course_id, prereq_id) values 
('CS-102', 'CS-101'),
('ARCH-102', 'ARCH-101'),
('BIO-102', 'BIO-101'),
('CHEM-102', 'CHEM-101'),
('BUS-102', 'BUS-101'),
('SOC-102', 'SOC-101'),
('NURS-201', 'NURS-101');

insert into section (section_id, course_id, instructor_id, semester, year, building, room_number, time_slot_id) values
('1', 'CS-101', '90001', 'Spring', 2026, 'Mathematical Sciences Building', 210, 'A'),
('2', 'CS-101', '90001', 'Spring', 2026, 'Mathematical Sciences Building', 210, 'E'),
('1', 'CS-102', '90002', 'Spring', 2026, 'Mathematical Sciences Building', 210, 'B'),
('2', 'CS-102', '90002', 'Spring', 2026, 'Mathematical Sciences Building', 210, 'F'),
('1', 'CS-101', '90001', 'Fall', 2026, 'Mathematical Sciences Building', 210, 'A'),
('2', 'CS-101', '90001', 'Fall', 2026, 'Mathematical Sciences Building', 210, 'E'),
('1', 'CS-102', '90002', 'Fall', 2026, 'Mathematical Sciences Building', 210, 'B'),
('2', 'CS-102', '90002', 'Fall', 2026, 'Mathematical Sciences Building', 210, 'F'),
('1', 'ARCH-101', '90003', 'Spring', 2026, 'Center for Architecture and Environmental Design', 305, 'A'),
('1', 'ARCH-102', '90003', 'Spring', 2026, 'Center for Architecture and Environmental Design', 305, 'H'),
('1', 'ARCH-101', '90004', 'Fall', 2026, 'Center for Architecture and Environmental Design', 305, 'A'),
('1', 'ARCH-102', '90004', 'Fall', 2026, 'Center for Architecture and Environmental Design', 305, 'H'),
('1', 'BIO-101', '90005', 'Spring', 2026, 'Cunningham Hall', 110, 'C'),
('2', 'BIO-101', '90005', 'Spring', 2026, 'Cunningham Hall', 110, 'G'),
('1', 'BIO-102', '90005', 'Spring', 2026, 'Cunningham Hall', 110, 'D'),
('2', 'BIO-102', '90005', 'Spring', 2026, 'Cunningham Hall', 110, 'H'),
('1', 'BIO-101', '90006', 'Fall', 2026, 'Cunningham Hall', 110, 'C'),
('2', 'BIO-101', '90006', 'Fall', 2026, 'Cunningham Hall', 110, 'G'),
('1', 'BIO-102', '90006', 'Fall', 2026, 'Cunningham Hall', 110, 'D'),
('2', 'BIO-102', '90006', 'Fall', 2026, 'Cunningham Hall', 110, 'H'),
('1', 'CHEM-101', '90007', 'Spring', 2026, 'Integrated Sciences Building', 108, 'A'),
('2', 'CHEM-101', '90007', 'Spring', 2026, 'Integrated Sciences Building', 108, 'E'),
('1', 'CHEM-102', '90008', 'Spring', 2026, 'Integrated Sciences Building', 108, 'B'),
('2', 'CHEM-102', '90008', 'Spring', 2026, 'Integrated Sciences Building', 108, 'F'),
('1', 'CHEM-101', '90007', 'Fall', 2026, 'Integrated Sciences Building', 108, 'A'),
('2', 'CHEM-101', '90007', 'Fall', 2026, 'Integrated Sciences Building', 108, 'E'),
('1', 'CHEM-102', '90008', 'Fall', 2026, 'Integrated Sciences Building', 108, 'B'),
('2', 'CHEM-102', '90008', 'Fall', 2026, 'Integrated Sciences Building', 108, 'F'),
('1', 'BUS-101', '90009', 'Spring', 2026, 'Business Administration Building', 207, 'B'),
('1', 'BUS-102', '90010', 'Spring', 2026, 'Business Administration Building', 103, 'G'),
('1', 'BUS-101', '90009', 'Fall', 2026, 'Business Administration Building', 207, 'B'),
('1', 'BUS-102', '90010', 'Fall', 2026, 'Business Administration Building', 103, 'G'),
('1', 'SOC-101', '90012', 'Spring', 2026, 'Merrill Hall', 112, 'C'),
('1', 'SOC-102', '90012', 'Spring', 2026, 'Merrill Hall', 125, 'F'),
('1', 'SOC-101', '90012', 'Fall', 2026, 'Merrill Hall', 112, 'C'),
('1', 'SOC-102', '90012', 'Fall', 2026, 'Merrill Hall', 125, 'F'),
('1', 'NURS-101', '90013', 'Spring', 2026, 'Henderson Hall', 213, 'D'),
('1', 'NURS-201', '90014', 'Spring', 2026, 'Henderson Hall', 105, 'E'),
('1', 'NURS-101', '90014', 'Fall', 2026, 'Henderson Hall', 213, 'D'),
('1', 'NURS-201', '90013', 'Fall', 2026, 'Henderson Hall', 105, 'E');

insert into enrollment (student_id, course_id, section_id, grade) values
('10001', 'CS-101', '1', 'Spring', 2026, 'A'),
('10001', 'CS-102', '2', 'Fall', 2026, 'A'),
('10002', 'CS-101', '2', 'Spring', 2026, 'B+'),
('10002', 'CS-102', '1', 'Fall', 2026, 'A-'),
('10003', 'CS-102', '2', 'Spring', 2026, 'B'),
('10004', 'ARCH-102', '1', 'Spring', 2026, 'C'),
('10005', 'ARCH-101', '1', 'Spring', 2026, 'B+'),
('10005', 'ARCH-102', '1', 'Fall', 2026, 'C-'),
('10006', 'ARCH-102', '1', 'Spring', 2026, 'D'),
('10007', 'BIO-101', '2', 'Spring', 2026, 'A'),
('10007', 'BIO-102', '2', 'Fall', 2026, 'A'),
('10008', 'BIO-101', '1', 'Spring', 2026, 'B-'),
('10008', 'BIO-102', '2', 'Fall', 2026, 'C'),
('10009', 'BIO-101', '1', 'Spring', 2026, 'C+'),
('10009', 'BIO-102', '1', 'Fall', 2026, 'B'),
('10010', 'CHEM-102', '2', 'Spring', 2026, 'A-'),
('10012', 'CHEM-101', '2', 'Spring', 2026, 'A'),
('10012', 'CHEM-102', '2', 'Fall', 2026, 'A-'),
('10014', 'BUS-101', '1', 'Spring', 2026, 'B'),
('10014', 'BUS-102', '1', 'Fall', 2026, 'A-'),
('10015', 'BUS-102', '1', 'Spring', 2026, 'A'),
('10016', 'SOC-101', '1', 'Spring', 2026, 'A'),
('10016', 'SOC-102', '1', 'Fall', 2026, 'A-'),
('10019', 'NURS-201', '1', 'Fall', 2026, 'C'),
('10020', 'NURS-101', '1', 'Spring', 2026, 'B'),
('10020', 'NURS-201', '1', 'Fall', 2026, 'B+');

('10020', 'NURS-201', '1', 'Fall', 2026, 'B+');

